match_number,stage,group,home_team,away_team,match_date,venue,home_slot,away_slot,home_source_match_num,away_source_match_num
1,Group Stage,A,MEX,RSA,2026-06-11T13:00-06:00,"Estadio Azteca, Mexico City",,,,
2,Group Stage,A,KOR,CZE,2026-06-11T22:00-06:00,"Estadio Akron, Guadalajara",,,,
3,Group Stage,B,CAN,BIH,2026-06-12T15:00-04:00,"BMO Field, Toronto",,,,
4,Group Stage,D,USA,PAR,2026-06-12T21:00-07:00,"SoFi Stadium, Los Angeles",,,,
5,Group Stage,B,QAT,SUI,2026-06-13T15:00-07:00,"Levi's Stadium, San Francisco Bay Area",,,,
6,Group Stage,C,BRA,MAR,2026-06-13T18:00-04:00,"MetLife Stadium, New York/New Jersey",,,,
7,Group Stage,C,HAI,SCO,2026-06-13T21:00-04:00,"Gillette Stadium, Boston",,,,
8,Group Stage,D,AUS,TUR,2026-06-14T12:00-07:00,"BC Place, Vancouver",,,,
9,Group Stage,E,GER,CUW,2026-06-14T13:00-05:00,"NRG Stadium, Houston",,,,
10,Group Stage,F,NED,JPN,2026-06-14T16:00-05:00,"AT&T Stadium, Dallas",,,,
11,Group Stage,E,CIV,ECU,2026-06-14T19:00-04:00,"Lincoln Financial Field, Philadelphia",,,,
12,Group Stage,F,SWE,TUN,2026-06-14T22:00-06:00,"Estadio BBVA, Monterrey",,,,
13,Group Stage,H,ESP,CPV,2026-06-15T12:00-04:00,"Mercedes-Benz Stadium, Atlanta",,,,
14,Group Stage,G,BEL,EGY,2026-06-15T15:00-07:00,"Lumen Field, Seattle",,,,
15,Group Stage,H,KSA,URU,2026-06-15T18:00-04:00,"Hard Rock Stadium, Miami",,,,
16,Group Stage,G,IRN,NZL,2026-06-15T21:00-07:00,"SoFi Stadium, Los Angeles",,,,
17,Group Stage,I,FRA,SEN,2026-06-16T15:00-04:00,"MetLife Stadium, New York/New Jersey",,,,
18,Group Stage,I,IRQ,NOR,2026-06-16T18:00-04:00,"Gillette Stadium, Boston",,,,
19,Group Stage,J,ARG,ALG,2026-06-16T21:00-05:00,"Arrowhead Stadium, Kansas City",,,,
20,Group Stage,J,AUT,JOR,2026-06-17T00:00-07:00,"Levi's Stadium, San Francisco Bay Area",,,,
21,Group Stage,K,POR,COD,2026-06-17T13:00-05:00,"NRG Stadium, Houston",,,,
22,Group Stage,L,ENG,CRO,2026-06-17T16:00-05:00,"AT&T Stadium, Dallas",,,,
23,Group Stage,L,GHA,PAN,2026-06-17T19:00-04:00,"BMO Field, Toronto",,,,
24,Group Stage,K,UZB,COL,2026-06-17T22:00-06:00,"Estadio Azteca, Mexico City",,,,
25,Group Stage,A,CZE,RSA,2026-06-18T12:00-04:00,"Mercedes-Benz Stadium, Atlanta",,,,
26,Group Stage,B,SUI,BIH,2026-06-18T15:00-07:00,"SoFi Stadium, Los Angeles",,,,
27,Group Stage,B,CAN,QAT,2026-06-18T18:00-07:00,"BC Place, Vancouver",,,,
28,Group Stage,A,MEX,KOR,2026-06-18T21:00-06:00,"Estadio Akron, Guadalajara",,,,
29,Group Stage,D,USA,AUS,2026-06-19T15:00-07:00,"Lumen Field, Seattle",,,,
30,Group Stage,C,SCO,MAR,2026-06-19T18:00-04:00,"Gillette Stadium, Boston",,,,
31,Group Stage,C,BRA,HAI,2026-06-19T20:30-04:00,"Lincoln Financial Field, Philadelphia",,,,
32,Group Stage,D,TUR,PAR,2026-06-19T23:00-07:00,"Levi's Stadium, San Francisco Bay Area",,,,
33,Group Stage,F,NED,SWE,2026-06-20T13:00-05:00,"NRG Stadium, Houston",,,,
34,Group Stage,E,GER,CIV,2026-06-20T16:00-04:00,"BMO Field, Toronto",,,,
35,Group Stage,E,ECU,CUW,2026-06-20T20:00-05:00,"Arrowhead Stadium, Kansas City",,,,
36,Group Stage,F,TUN,JPN,2026-06-21T00:00-06:00,"Estadio BBVA, Monterrey",,,,
37,Group Stage,H,ESP,KSA,2026-06-21T12:00-04:00,"Mercedes-Benz Stadium, Atlanta",,,,
38,Group Stage,G,BEL,IRN,2026-06-21T15:00-07:00,"SoFi Stadium, Los Angeles",,,,
39,Group Stage,H,URU,CPV,2026-06-21T18:00-04:00,"Hard Rock Stadium, Miami",,,,
40,Group Stage,G,NZL,EGY,2026-06-21T21:00-07:00,"BC Place, Vancouver",,,,
41,Group Stage,J,ARG,AUT,2026-06-22T13:00-05:00,"AT&T Stadium, Dallas",,,,
42,Group Stage,I,FRA,IRQ,2026-06-22T17:00-04:00,"Lincoln Financial Field, Philadelphia",,,,
43,Group Stage,I,NOR,SEN,2026-06-22T20:00-04:00,"MetLife Stadium, New York/New Jersey",,,,
44,Group Stage,J,JOR,ALG,2026-06-22T23:00-07:00,"Levi's Stadium, San Francisco Bay Area",,,,
45,Group Stage,K,POR,UZB,2026-06-23T13:00-05:00,"NRG Stadium, Houston",,,,
46,Group Stage,L,ENG,GHA,2026-06-23T16:00-04:00,"Gillette Stadium, Boston",,,,
47,Group Stage,L,PAN,CRO,2026-06-23T19:00-04:00,"BMO Field, Toronto",,,,
48,Group Stage,K,COL,COD,2026-06-23T22:00-06:00,"Estadio Akron, Guadalajara",,,,
49,Group Stage,B,SUI,CAN,2026-06-24T15:00-07:00,"BC Place, Vancouver",,,,
50,Group Stage,B,BIH,QAT,2026-06-24T15:00-07:00,"Lumen Field, Seattle",,,,
51,Group Stage,C,SCO,BRA,2026-06-24T18:00-04:00,"Hard Rock Stadium, Miami",,,,
52,Group Stage,C,MAR,HAI,2026-06-24T18:00-04:00,"Mercedes-Benz Stadium, Atlanta",,,,
53,Group Stage,A,CZE,MEX,2026-06-24T21:00-06:00,"Estadio Azteca, Mexico City",,,,
54,Group Stage,A,RSA,KOR,2026-06-24T21:00-06:00,"Estadio BBVA, Monterrey",,,,
55,Group Stage,E,CUW,CIV,2026-06-25T16:00-04:00,"Lincoln Financial Field, Philadelphia",,,,
56,Group Stage,E,ECU,GER,2026-06-25T16:00-04:00,"MetLife Stadium, New York/New Jersey",,,,
57,Group Stage,F,JPN,SWE,2026-06-25T19:00-05:00,"AT&T Stadium, Dallas",,,,
58,Group Stage,F,TUN,NED,2026-06-25T19:00-05:00,"Arrowhead Stadium, Kansas City",,,,
59,Group Stage,D,TUR,USA,2026-06-25T22:00-07:00,"SoFi Stadium, Los Angeles",,,,
60,Group Stage,D,PAR,AUS,2026-06-25T22:00-07:00,"Levi's Stadium, San Francisco Bay Area",,,,
61,Group Stage,I,NOR,FRA,2026-06-26T15:00-04:00,"Gillette Stadium, Boston",,,,
62,Group Stage,I,SEN,IRQ,2026-06-26T15:00-04:00,"BMO Field, Toronto",,,,
63,Group Stage,H,CPV,KSA,2026-06-26T20:00-05:00,"NRG Stadium, Houston",,,,
64,Group Stage,H,URU,ESP,2026-06-26T20:00-06:00,"Estadio Akron, Guadalajara",,,,
65,Group Stage,G,EGY,IRN,2026-06-26T23:00-07:00,"Lumen Field, Seattle",,,,
66,Group Stage,G,NZL,BEL,2026-06-26T23:00-07:00,"BC Place, Vancouver",,,,
67,Group Stage,L,PAN,ENG,2026-06-27T17:00-04:00,"MetLife Stadium, New York/New Jersey",,,,
68,Group Stage,L,CRO,GHA,2026-06-27T17:00-04:00,"Lincoln Financial Field, Philadelphia",,,,
69,Group Stage,K,COL,POR,2026-06-27T19:30-04:00,"Hard Rock Stadium, Miami",,,,
70,Group Stage,K,COD,UZB,2026-06-27T19:30-04:00,"Mercedes-Benz Stadium, Atlanta",,,,
71,Group Stage,J,ALG,AUT,2026-06-27T22:00-05:00,"Arrowhead Stadium, Kansas City",,,,
72,Group Stage,J,JOR,ARG,2026-06-27T22:00-05:00,"AT&T Stadium, Dallas",,,,
73,Round of 32,,,,2026-06-28T12:00-07:00,"SoFi Stadium, Los Angeles",2A,2B,,
74,Round of 32,,,,2026-06-29T16:30-04:00,"Gillette Stadium, Boston",1E,3ABCDF,,
75,Round of 32,,,,2026-06-29T17:00-06:00,"Estadio BBVA, Monterrey",1F,2C,,
76,Round of 32,,,,2026-06-29T12:00-05:00,"NRG Stadium, Houston",1C,2F,,
77,Round of 32,,,,2026-06-30T17:00-04:00,"MetLife Stadium, New York/New Jersey",1I,3CDFGH,,
78,Round of 32,,,,2026-06-30T12:00-05:00,"AT&T Stadium, Dallas",2E,2I,,
79,Round of 32,,,,2026-06-30T19:00-06:00,"Estadio Azteca, Mexico City",1A,3CEFHI,,
80,Round of 32,,,,2026-07-01T12:00-04:00,"Mercedes-Benz Stadium, Atlanta",1L,3EHIJK,,
81,Round of 32,,,,2026-07-01T17:00-07:00,"Levi's Stadium, San Francisco Bay Area",1D,3BEFIJ,,
82,Round of 32,,,,2026-07-01T13:00-07:00,"Lumen Field, Seattle",1G,3AEHIJ,,
83,Round of 32,,,,2026-07-02T19:00-04:00,"BMO Field, Toronto",2K,2L,,
84,Round of 32,,,,2026-07-02T12:00-07:00,"SoFi Stadium, Los Angeles",1H,2J,,
85,Round of 32,,,,2026-07-02T20:00-07:00,"BC Place, Vancouver",1B,3EFGIJ,,
86,Round of 32,,,,2026-07-03T18:00-04:00,"Hard Rock Stadium, Miami",1J,2H,,
87,Round of 32,,,,2026-07-03T20:30-05:00,"Arrowhead Stadium, Kansas City",1K,3DEIJL,,
88,Round of 32,,,,2026-07-03T13:00-05:00,"AT&T Stadium, Dallas",2D,2G,,
89,Round of 16,,,,2026-07-04T17:00-04:00,"Lincoln Financial Field, Philadelphia",W74,W77,74,77
90,Round of 16,,,,2026-07-04T12:00-05:00,"NRG Stadium, Houston",W73,W75,73,75
91,Round of 16,,,,2026-07-05T16:00-04:00,"MetLife Stadium, New York/New Jersey",W76,W78,76,78
92,Round of 16,,,,2026-07-05T18:00-06:00,"Estadio Azteca, Mexico City",W79,W80,79,80
93,Round of 16,,,,2026-07-06T14:00-05:00,"AT&T Stadium, Dallas",W83,W84,83,84
94,Round of 16,,,,2026-07-06T17:00-07:00,"Lumen Field, Seattle",W81,W82,81,82
95,Round of 16,,,,2026-07-07T12:00-04:00,"Mercedes-Benz Stadium, Atlanta",W86,W88,86,88
96,Round of 16,,,,2026-07-07T13:00-07:00,"BC Place, Vancouver",W85,W87,85,87
97,Quarter-finals,,,,2026-07-09T16:00-04:00,"Gillette Stadium, Boston",W89,W90,89,90
98,Quarter-finals,,,,2026-07-10T12:00-07:00,"SoFi Stadium, Los Angeles",W93,W94,93,94
99,Quarter-finals,,,,2026-07-11T17:00-04:00,"Hard Rock Stadium, Miami",W91,W92,91,92
100,Quarter-finals,,,,2026-07-11T20:00-05:00,"Arrowhead Stadium, Kansas City",W95,W96,95,96
101,Semi-finals,,,,2026-07-14T14:00-05:00,"AT&T Stadium, Dallas",W97,W98,97,98
102,Semi-finals,,,,2026-07-15T15:00-04:00,"Mercedes-Benz Stadium, Atlanta",W99,W100,99,100
103,Third-place,,,,2026-07-18T17:00-04:00,"Hard Rock Stadium, Miami",L101,L102,101,102
104,Final,,,,2026-07-19T15:00-04:00,"MetLife Stadium, New York/New Jersey",W101,W102,101,102
